-- ─────────────────────────────────────
-- SEED: CLIENTS
-- ─────────────────────────────────────
INSERT INTO clients (id, name, type, contact_name, phone, credit_limit) VALUES
('11111111-0001-0001-0001-000000000001', 'אלרוב נדל"ן', 'יזם נדל"ן', 'רועי אלרוב', '052-8881234', 200000),
('11111111-0001-0001-0001-000000000002', 'כהן קבלנות בע"מ', 'קבלן ביצוע', 'משה כהן', '054-7774321', 80000),
('11111111-0001-0001-0001-000000000003', 'מלון ים תיכוני', 'מסחרי', 'גלית שמש', '03-5553030', 300000),
('11111111-0001-0001-0001-000000000004', 'בן דוד בנייה', 'קבלן ביצוע', 'אורי בן דוד', '050-9990001', 100000),
('11111111-0001-0001-0001-000000000005', 'גרנד פארמה', 'תאגיד', 'ד"ר לי', '03-6664444', 150000),
('11111111-0001-0001-0001-000000000006', 'שרון ניהול נכסים', 'ניהול נכסים', 'שרון לוי', '052-1112233', 80000),
('11111111-0001-0001-0001-000000000007', 'אדריכלות גלבוע', 'אדריכל', 'יואב גלבוע', '054-3339988', 120000),
('11111111-0001-0001-0001-000000000008', 'ישראל דיסקאונט מרכז', 'תאגיד', 'רונית מור', '03-9990011', 200000);

-- ─────────────────────────────────────
-- SEED: SUPPLIERS
-- ─────────────────────────────────────
INSERT INTO suppliers (id, name, category, phone, payment_terms, lead_days) VALUES
('22222222-0001-0001-0001-000000000001', 'מתכות ישראל בע"מ', 'iron', '03-5551234', 'NET30', 3),
('22222222-0001-0001-0001-000000000002', 'אלו-פרו', 'aluminum', '08-9224400', 'NET45', 5),
('22222222-0001-0001-0001-000000000003', 'נירוסטה מרכז', 'stainless', '09-7783300', 'NET60', 7),
('22222222-0001-0001-0001-000000000004', 'גלאס-פרו', 'glass', '077-2341122', 'NET30', 10);

-- ─────────────────────────────────────
-- SEED: EMPLOYEES
-- ─────────────────────────────────────
INSERT INTO employees (id, name, role, department, phone, salary, start_date) VALUES
('33333333-0001-0001-0001-000000000001', 'דני לוי', 'מרתך בכיר ברזל', 'production', '052-1111111', 14000, '2019-03-01'),
('33333333-0001-0001-0001-000000000002', 'מוחמד חלבי', 'מרתך אלומיניום', 'production', '054-2222222', 12500, '2020-06-15'),
('33333333-0001-0001-0001-000000000003', 'ירון מזרחי', 'מתקין שטח בכיר', 'installation', '050-3333333', 13200, '2018-01-10'),
('33333333-0001-0001-0001-000000000004', 'ג''ורג'' נסר', 'מרתך נירוסטה', 'production', '052-4444444', 13800, '2021-02-01'),
('33333333-0001-0001-0001-000000000005', 'שלמה ביטון', 'צביעה ועיבוד שטח', 'production', '054-5555555', 11000, '2020-09-01'),
('33333333-0001-0001-0001-000000000006', 'אבי שמש', 'מתקין שטח', 'installation', '050-6666666', 12000, '2022-04-01'),
('33333333-0001-0001-0001-000000000007', 'רני כהן', 'מסגר אלומיניום', 'production', '052-7777777', 12800, '2021-07-15'),
('33333333-0001-0001-0001-000000000008', 'יגאל עוז', 'מפעיל CNC', 'production', '054-8888888', 14500, '2019-11-01'),
('33333333-0001-0001-0001-000000000009', 'אמיר כהן', 'מרתך ברזל', 'production', '050-9999999', 12000, '2022-08-01'),
('33333333-0001-0001-0001-000000000010', 'נועם ברק', 'מתקין שטח', 'installation', '052-0000001', 11800, '2023-01-15');

-- ─────────────────────────────────────
-- SEED: WORK ORDERS
-- ─────────────────────────────────────
INSERT INTO work_orders (id, client_id, product, material_primary, category, quantity, unit, price, cost_estimate, advance_paid, status, progress, open_date, delivery_date) VALUES
('TK-2409', '11111111-0001-0001-0001-000000000001', 'שערים פנדולום כניסה ראשית', 'iron', 'gates', 2, 'יח׳', 45000, 28000, 22500, 'production', 95, '2026-04-01', '2026-04-10'),
('TK-2410', '11111111-0001-0001-0001-000000000005', 'מעקות חיצוניות משרד', 'stainless', 'railings', 12, 'מ׳', 28400, 17000, 14200, 'delivered', 100, '2026-03-25', '2026-04-09'),
('TK-2411', '11111111-0001-0001-0001-000000000004', 'מעקות מדרגות נירוסטה', 'stainless', 'railings', 18, 'מ׳', 32400, 19000, 16200, 'production', 72, '2026-04-05', '2026-04-14'),
('TK-2412', '11111111-0001-0001-0001-000000000002', 'גדר אלומיניום עם שערים', 'aluminum', 'fences', 80, 'מ׳', 62000, 38000, 31000, 'production', 45, '2026-04-07', '2026-04-18'),
('TK-2413', '11111111-0001-0001-0001-000000000003', 'פרגולת ברזל 120 מ"ר', 'iron', 'pergolas', 120, 'מ"ר', 95000, 58000, 47500, 'pending', 20, '2026-04-08', '2026-04-22'),
('TK-2414', '11111111-0001-0001-0001-000000000006', 'מעקה זכוכית מחוסמת', 'glass', 'railings', 24, 'מ׳', 41800, 25000, 20900, 'pending', 5, '2026-04-10', '2026-04-28'),
('TK-2415', '11111111-0001-0001-0001-000000000007', 'מדרגות ברזל + זכוכית', 'iron', 'stairs', 1, 'קומה', 78000, 46000, 39000, 'pending', 0, '2026-04-10', '2026-05-02'),
('TK-2408', '11111111-0001-0001-0001-000000000008', 'גדר קדמית + שערים', 'aluminum', 'fences', 35, 'מ׳', 38500, 23000, 38500, 'delivered', 100, '2026-03-20', '2026-04-05');

-- ─────────────────────────────────────
-- SEED: MATERIAL ITEMS
-- ─────────────────────────────────────
INSERT INTO material_items (name, category, qty, unit, min_threshold, max_stock, cost_per_unit, supplier_id) VALUES
('צינור מרובע ברזל 50×50×2', 'iron', 85, 'מ׳', 30, 200, 18.50, '22222222-0001-0001-0001-000000000001'),
('צינור מרובע ברזל 40×40×2', 'iron', 42, 'מ׳', 25, 150, 15.00, '22222222-0001-0001-0001-000000000001'),
('פרופיל L ברזל 60×60×5', 'iron', 30, 'מ׳', 20, 100, 22.00, '22222222-0001-0001-0001-000000000001'),
('צינור עגול ברזל 50mm', 'iron', 18, 'מ׳', 30, 120, 19.50, '22222222-0001-0001-0001-000000000001'),
('פח ברזל 2mm', 'iron', 12, 'מ"ר', 20, 80, 45.00, '22222222-0001-0001-0001-000000000001'),
('בר שטוח ברזל 50×5', 'iron', 65, 'מ׳', 20, 120, 12.00, '22222222-0001-0001-0001-000000000001'),
('פרופיל אלומיניום 60×40', 'aluminum', 12, 'מ׳', 25, 100, 28.00, '22222222-0001-0001-0001-000000000002'),
('פרופיל U-80 אלומיניום', 'aluminum', 38, 'מ׳', 20, 80, 32.00, '22222222-0001-0001-0001-000000000002'),
('בר עגול אלומיניום 30mm', 'aluminum', 55, 'מ׳', 15, 80, 24.00, '22222222-0001-0001-0001-000000000002'),
('פח אלומיניום 1.5mm', 'aluminum', 8, 'מ"ר', 15, 50, 65.00, '22222222-0001-0001-0001-000000000002'),
('צינור עגול נירוסטה 40mm', 'stainless', 45, 'מ׳', 15, 80, 75.00, '22222222-0001-0001-0001-000000000003'),
('בר שטוח נירוסטה 40×4', 'stainless', 28, 'מ׳', 10, 60, 55.00, '22222222-0001-0001-0001-000000000003'),
('זכוכית מחוסמת 12mm', 'glass', 18, 'מ"ר', 8, 40, 180.00, '22222222-0001-0001-0001-000000000004'),
('זכוכית 8mm', 'glass', 6, 'מ"ר', 8, 30, 140.00, '22222222-0001-0001-0001-000000000004'),
('אלקטרודות E6013', 'consumables', 2, 'ק"ג', 10, 30, 25.00, '22222222-0001-0001-0001-000000000001'),
('חוט MIG אלומיניום', 'consumables', 8, 'ק"ג', 5, 20, 85.00, '22222222-0001-0001-0001-000000000002'),
('גז ארגון', 'consumables', 3, 'בלון', 5, 10, 220.00, '22222222-0001-0001-0001-000000000003'),
('דיסקיות חיתוך 115mm', 'consumables', 45, 'יח׳', 20, 100, 3.50, '22222222-0001-0001-0001-000000000001'),
('דיסקיות ליטוש', 'consumables', 22, 'יח׳', 20, 80, 4.00, '22222222-0001-0001-0001-000000000001'),
('פריימר אנטי-חלד', 'consumables', 4, 'ליטר', 8, 20, 35.00, '22222222-0001-0001-0001-000000000001');

-- ─────────────────────────────────────
-- SEED: ALERTS
-- ─────────────────────────────────────
INSERT INTO alerts (type, severity, title, message, entity_type) VALUES
('material_low', 'danger', 'מלאי קריטי — אלקטרודות ריתוך', 'נותרו 2 ק"ג. סף מינימום 10 ק"ג. נדרשת הזמנה דחופה.', 'material'),
('material_low', 'warning', 'מלאי נמוך — פרופיל אלומיניום 60×40', 'נותרו 12 מ׳. סף מינימום 25 מ׳.', 'material'),
('material_low', 'warning', 'מלאי נמוך — גז ארגון', 'נותרו 3 בלונות. סף מינימום 5.', 'material'),
('order_delayed', 'danger', 'הזמנה TK-2409 עברה מועד אספקה', 'שערים פנדולום לאלרוב נדל"ן — איחור של 1 יום.', 'order'),
('payment_due', 'warning', 'יתרת חוב פתוחה — כהן קבלנות', 'יתרה פתוחה ₪14,500. מועד תשלום עבר.', 'client');

-- ─────────────────────────────────────
-- SEED: FINANCIAL TRANSACTIONS
-- ─────────────────────────────────────
INSERT INTO financial_transactions (order_id, client_id, type, category, amount, description, date, is_paid) VALUES
('TK-2411', '11111111-0001-0001-0001-000000000004', 'advance', 'income', 16200, 'מקדמה 50% TK-2411', '2026-04-05', true),
('TK-2412', '11111111-0001-0001-0001-000000000002', 'advance', 'income', 31000, 'מקדמה 50% TK-2412', '2026-04-07', true),
('TK-2410', '11111111-0001-0001-0001-000000000005', 'income', 'income', 28400, 'תשלום מלא TK-2410', '2026-04-09', true),
('TK-2408', '11111111-0001-0001-0001-000000000008', 'income', 'income', 38500, 'תשלום מלא TK-2408', '2026-04-06', true);

-- ─────────────────────────────────────
-- SEED: ATTENDANCE (today)
-- ─────────────────────────────────────
INSERT INTO attendance (employee_id, date, check_in, location) VALUES
('33333333-0001-0001-0001-000000000001', CURRENT_DATE, '07:30', 'factory'),
('33333333-0001-0001-0001-000000000002', CURRENT_DATE, '07:45', 'factory'),
('33333333-0001-0001-0001-000000000003', CURRENT_DATE, '08:00', 'field'),
('33333333-0001-0001-0001-000000000004', CURRENT_DATE, '07:30', 'factory'),
('33333333-0001-0001-0001-000000000005', CURRENT_DATE, NULL, 'sick'),
('33333333-0001-0001-0001-000000000006', CURRENT_DATE, '08:00', 'field'),
('33333333-0001-0001-0001-000000000007', CURRENT_DATE, '07:45', 'factory'),
('33333333-0001-0001-0001-000000000008', CURRENT_DATE, NULL, 'vacation'),
('33333333-0001-0001-0001-000000000009', CURRENT_DATE, '07:30', 'factory'),
('33333333-0001-0001-0001-000000000010', CURRENT_DATE, '08:15', 'factory');

-- USERS
INSERT INTO users (username, password_hash, role) VALUES
('kobi', '$2a$10$92IXUNpkjO0rOQ5byMi.Ye4oKoEa3Ro9llC/.og/at2.uheWG/igi', 'admin'),
('manager', '$2a$10$92IXUNpkjO0rOQ5byMi.Ye4oKoEa3Ro9llC/.og/at2.uheWG/igi', 'manager');
-- password for both: "password"

-- ════════════════════════════════════════════════════════════════
-- SEED EXTENSIONS — Tasks
-- ════════════════════════════════════════════════════════════════
INSERT INTO tasks (order_id, employee_id, type, title, address, lat, lng, scheduled_date, status)
VALUES
('TK-2411', '33333333-0001-0001-0001-000000000003', 'measurement', 'מדידות מעקות מדרגות', 'רחוב דיזנגוף 50, תל אביב', 32.0853, 34.7818, CURRENT_DATE, 'pending'),
('TK-2409', '33333333-0001-0001-0001-000000000006', 'installation', 'התקנת שערים פנדולום', 'שדרות רוטשילד 22, תל אביב', 32.0629, 34.7737, CURRENT_DATE, 'in_progress'),
('TK-2412', '33333333-0001-0001-0001-000000000003', 'delivery', 'אספקת פרופילים לאתר', 'רחוב הרצל 100, תל אביב', 32.0703, 34.7741, CURRENT_DATE + 1, 'pending');

-- ════════════════════════════════════════════════════════════════
-- SUPPLY CHAIN PIPELINE — seed a starter project
-- ════════════════════════════════════════════════════════════════
INSERT INTO projects (
  project_number, client_id, title, address,
  total_price, advance_paid, current_stage
) VALUES (
  'TK-P-0001',
  '11111111-0001-0001-0001-000000000001',
  'מעקות מדרגות נירוסטה — דיזנגוף 50',
  'רחוב דיזנגוף 50, תל אביב',
  32400, 16200, 'deal_closed'
);
